This product is absolutely amazing! Best purchase I've ever made.	user1	2026-03-01
Very disappointed with the quality. It broke after two days.	user2	2026-03-01
Average experience, nothing special but gets the job done.	user3	2026-03-01
The customer service team was incredibly helpful and friendly!	user4	2026-03-01
Too expensive for what you get. Not worth the money.	user5	2026-03-01
I love the design and packaging. Very premium feel.	user6	2026-03-01
Shipping was delayed by a week. Very frustrating experience.	user7	2026-03-01
Decent product overall. Would recommend for beginners.	user8	2026-03-01
Horrible quality control. Received a damaged item.	user9	2026-03-01
Five stars! Exceeded all my expectations. Will buy again.	user10	2026-03-01
